청산일자	종목코드	수량	진입구분	진입가격	청산구분	청산가격	청산손익	수수료	순손익	순손익(KRW)	진입일시	청산일시	손익통화
2024-08-09	RXU24	35	매도	134.2	매수	134.58	-13,300.00	105	-13,405.00	-20,164,337	2024-08-09 16:36	2024-08-10 0:12	EUR
2024-08-09	RXU24	35	매도	134.24	매수	134.22	700	105	595	895,023	2024-08-09 16:32	2024-08-09 16:35	EUR
2024-08-09	RXU24	35	매도	134.29	매수	134.28	350	105	245	368,539	2024-08-09 16:04	2024-08-09 16:28	EUR
2024-08-09	RXU24	35	매도	134.23	매수	134.2	1,050.00	105	945	1,421,507	2024-08-09 15:42	2024-08-09 15:58	EUR
2024-08-09	RXU24	25	매도	134.35	매수	134.31	1,000.00	75	925	1,391,422	2024-08-09 14:25	2024-08-09 14:44	EUR
2024-08-09	RXU24	9	매도	134.35	매수	134.31	360	27	333	500,912	2024-08-09 14:25	2024-08-09 14:44	EUR
2024-08-09	RXU24	28	매수	134.32	매도	134.34	560	84	476	716,018	2024-08-09 9:39	2024-08-09 10:23	EUR
2024-08-09	RXU24	1	매수	134.32	매도	134.34	20	3	17	25,572	2024-08-09 9:39	2024-08-09 10:23	EUR
2024-08-09	RXU24	5	매수	134.32	매도	134.34	100	15	85	127,860	2024-08-09 9:39	2024-08-09 10:23	EUR
2024-08-08	RXU24	9	매도	134.17	매수	134.15	180	36	144	216,625	2024-08-08 21:56	2024-08-08 21:56	EUR
2024-08-08	RXU24	1	매도	134.17	매수	134.15	20	4	16	24,069	2024-08-08 21:56	2024-08-08 21:56	EUR
2024-08-08	RXU24	6	매도	134.17	매수	134.15	120	24	96	144,416	2024-08-08 21:56	2024-08-08 21:56	EUR
2024-08-08	RXU24	1	매도	134.17	매수	134.15	20	4	16	24,069	2024-08-08 21:56	2024-08-08 21:56	EUR
2024-08-08	RXU24	5	매도	134.17	매수	134.15	100	20	80	120,348	2024-08-08 21:56	2024-08-08 21:56	EUR
2024-08-08	RXU24	12	매도	134.17	매수	134.15	240	48	192	288,833	2024-08-08 21:56	2024-08-08 21:56	EUR
2024-08-08	RXU24	33	매도	134.24	매수	134.21	990	132	858	1,290,724	2024-08-08 21:44	2024-08-08 21:50	EUR
2024-08-08	RXU24	33	매도	134.22	매수	134.19	990	132	858	1,290,724	2024-08-08 21:41	2024-08-08 21:42	EUR
2024-08-08	RXU24	33	매도	134.23	매수	134.24	-330	132	-462	-695,004	2024-08-08 21:34	2024-08-08 21:39	EUR
2024-08-08	RXU24	6	매수	134.62	매도	134.64	120	24	96	144,416	2024-08-08 16:27	2024-08-08 16:28	EUR
2024-08-08	RXU24	10	매수	134.62	매도	134.64	200	40	160	240,695	2024-08-08 16:27	2024-08-08 16:28	EUR
2024-08-08	RXU24	1	매수	134.62	매도	134.64	20	4	16	24,069	2024-08-08 16:27	2024-08-08 16:28	EUR
2024-08-08	RXU24	2	매수	134.62	매도	134.64	40	8	32	48,139	2024-08-08 16:27	2024-08-08 16:28	EUR
2024-08-08	RXU24	2	매수	134.62	매도	134.64	40	8	32	48,139	2024-08-08 16:27	2024-08-08 16:28	EUR
2024-08-08	RXU24	2	매수	134.62	매도	134.64	40	8	32	48,139	2024-08-08 16:27	2024-08-08 16:28	EUR
2024-08-08	RXU24	4	매수	134.62	매도	134.64	80	16	64	96,278	2024-08-08 16:27	2024-08-08 16:28	EUR
2024-08-08	RXU24	6	매수	134.62	매도	134.64	120	24	96	144,416	2024-08-08 16:27	2024-08-08 16:28	EUR
2024-08-08	RXU24	33	매도	134.38	매수	134.37	330	132	198	297,860	2024-08-08 15:07	2024-08-08 15:08	EUR
2024-08-08	RXU24	25	매수	134.46	매도	134.46	0	100	-100	-150,434	2024-08-08 9:40	2024-08-08 14:48	EUR
2024-08-08	RXU24	8	매수	134.46	매도	134.46	0	32	-32	-48,138	2024-08-08 9:40	2024-08-08 14:48	EUR
2024-08-08	RXU24	18	매수	134.35	매도	134.44	1,620.00	72	1,548.00	2,328,718	2024-08-08 9:15	2024-08-08 9:35	EUR
2024-08-08	RXU24	2	매수	134.35	매도	134.44	180	8	172	258,747	2024-08-08 9:15	2024-08-08 9:35	EUR
2024-08-08	RXU24	12	매수	134.35	매도	134.44	1,080.00	48	1,032.00	1,552,479	2024-08-08 9:15	2024-08-08 9:35	EUR
2024-08-07	RXU24	32	매수	134.2	매도	134.2	0	128	-128	-191,950	2024-08-07 21:54	2024-08-07 22:04	EUR
2024-08-07	RXU24	32	매수	134.34	매도	134.15	-6,080.00	128	-6,208.00	-9,309,578	2024-08-07 16:34	2024-08-07 21:43	EUR
2024-08-07	RXU24	1	매수	134.34	매도	134.15	-190	4	-194	-290,923	2024-08-07 16:34	2024-08-07 21:43	EUR
2024-08-07	RXU24	1	매수	134.34	매도	134.15	-190	4	-194	-290,923	2024-08-07 16:34	2024-08-07 21:42	EUR
2024-08-07	RXU24	2	매수	134.37	매도	134.37	0	8	-8	-11,996	2024-08-07 16:30	2024-08-07 16:30	EUR
2024-08-07	RXU24	33	매수	134.37	매도	134.37	0	132	-132	-197,948	2024-08-07 16:30	2024-08-07 16:30	EUR
2024-08-07	RXU24	29	매도	134.52	매수	134.51	290	116	174	260,932	2024-08-07 16:22	2024-08-07 16:24	EUR
2024-08-07	RXU24	5	매도	134.52	매수	134.51	50	20	30	44,988	2024-08-07 16:22	2024-08-07 16:24	EUR
2024-08-07	RXU24	17	매도	134.53	매수	134.49	680	68	612	917,761	2024-08-07 16:17	2024-08-07 16:21	EUR
2024-08-07	RXU24	1	매도	134.53	매수	134.49	40	4	36	53,986	2024-08-07 16:17	2024-08-07 16:21	EUR
2024-08-07	RXU24	13	매도	134.53	매수	134.49	520	52	468	701,818	2024-08-07 16:17	2024-08-07 16:21	EUR
2024-08-07	RXU24	3	매도	134.53	매수	134.49	120	12	108	161,958	2024-08-07 16:17	2024-08-07 16:21	EUR
2024-08-07	RXU24	28	매수	134.79	매도	134.79	0	112	-112	-167,956	2024-08-07 15:01	2024-08-07 15:23	EUR
2024-08-07	RXU24	1	매수	134.79	매도	134.79	0	4	-4	-5,998	2024-08-07 15:01	2024-08-07 15:23	EUR
2024-08-07	RXU24	5	매수	134.79	매도	134.79	0	20	-20	-29,992	2024-08-07 15:01	2024-08-07 15:23	EUR
2024-08-07	RXU24	33	매수	134.63	매도	134.71	2,640.00	132	2,508.00	3,761,022	2024-08-07 14:58	2024-08-07 15:00	EUR
2024-08-07	RXU24	32	매수	134.56	매도	134.62	1,920.00	128	1,792.00	2,687,301	2024-08-07 14:29	2024-08-07 14:50	EUR
2024-08-07	RXU24	1	매수	134.55	매도	134.57	20	4	16	23,994	2024-08-07 14:23	2024-08-07 14:25	EUR
2024-08-07	RXU24	5	매수	134.51	매도	134.52	50	20	30	44,988	2024-08-07 13:30	2024-08-07 13:33	EUR
2024-08-07	RXU24	7	매수	134.51	매도	134.52	70	28	42	62,983	2024-08-07 13:30	2024-08-07 13:33	EUR
2024-08-07	RXU24	1	매수	134.51	매도	134.52	10	4	6	8,998	2024-08-07 13:30	2024-08-07 13:33	EUR
2024-08-07	RXU24	5	매수	134.51	매도	134.52	50	20	30	44,988	2024-08-07 13:30	2024-08-07 13:33	EUR
2024-08-07	RXU24	7	매수	134.51	매도	134.52	70	28	42	62,983	2024-08-07 13:30	2024-08-07 13:33	EUR
2024-08-07	RXU24	1	매수	134.51	매도	134.52	10	4	6	8,998	2024-08-07 13:30	2024-08-07 13:33	EUR
2024-08-07	RXU24	6	매수	134.51	매도	134.52	60	24	36	53,986	2024-08-07 13:30	2024-08-07 13:33	EUR
2024-08-07	RXU24	12	매수	134.54	매도	134.55	120	48	72	107,972	2024-08-07 13:22	2024-08-07 13:24	EUR
2024-08-07	RXU24	20	매수	134.54	매도	134.55	200	80	120	179,954	2024-08-07 13:22	2024-08-07 13:24	EUR
2024-08-07	RXU24	27	매수	134.62	매도	134.63	270	108	162	242,937	2024-08-07 10:46	2024-08-07 11:53	EUR
2024-08-07	RXU24	5	매수	134.62	매도	134.63	50	20	30	44,988	2024-08-07 10:46	2024-08-07 11:52	EUR
2024-08-07	RXU24	22	매수	134.65	매도	134.69	880	88	792	1,187,691	2024-08-07 10:30	2024-08-07 10:39	EUR
2024-08-07	RXU24	1	매수	134.65	매도	134.69	40	4	36	53,986	2024-08-07 10:30	2024-08-07 10:39	EUR
2024-08-07	RXU24	1	매수	134.65	매도	134.69	40	4	36	53,986	2024-08-07 10:30	2024-08-07 10:39	EUR
2024-08-07	RXU24	1	매수	134.65	매도	134.69	40	4	36	53,986	2024-08-07 10:30	2024-08-07 10:39	EUR
2024-08-07	RXU24	7	매수	134.65	매도	134.69	280	28	252	377,901	2024-08-07 10:30	2024-08-07 10:39	EUR
2024-08-07	RXU24	7	매도	134.75	매수	134.74	70	28	42	62,983	2024-08-07 10:06	2024-08-07 10:09	EUR
2024-08-07	RXU24	1	매도	134.75	매수	134.74	10	4	6	8,998	2024-08-07 10:06	2024-08-07 10:09	EUR
2024-08-07	RXU24	5	매도	134.75	매수	134.74	50	20	30	44,988	2024-08-07 10:06	2024-08-07 10:09	EUR
2024-08-07	RXU24	1	매도	134.75	매수	134.74	10	4	6	8,998	2024-08-07 10:06	2024-08-07 10:09	EUR
2024-08-07	RXU24	4	매도	134.75	매수	134.74	40	16	24	35,991	2024-08-07 10:06	2024-08-07 10:09	EUR
2024-08-07	RXU24	7	매도	134.75	매수	134.74	70	28	42	62,983	2024-08-07 10:06	2024-08-07 10:09	EUR
2024-08-07	RXU24	1	매도	134.75	매수	134.74	10	4	6	8,998	2024-08-07 10:06	2024-08-07 10:09	EUR
2024-08-07	RXU24	5	매도	134.75	매수	134.74	50	20	30	44,988	2024-08-07 10:06	2024-08-07 10:09	EUR
2024-08-07	RXU24	1	매도	134.75	매수	134.74	10	4	6	8,998	2024-08-07 10:06	2024-08-07 10:09	EUR
2024-08-07	RXU24	32	매도	134.73	매수	134.73	0	128	-128	-191,950	2024-08-07 10:02	2024-08-07 10:04	EUR
2024-08-07	RXU24	32	매수	134.67	매도	134.68	320	128	192	287,925	2024-08-07 9:34	2024-08-07 9:38	EUR
2024-08-07	RXU24	31	매수	134.71	매도	134.72	310	124	186	278,928	2024-08-07 9:27	2024-08-07 9:32	EUR
2024-08-07	RXU24	1	매수	134.7	매도	134.72	20	4	16	23,994	2024-08-07 9:16	2024-08-07 9:24	EUR
2024-08-07	RXU24	1	매수	134.7	매도	134.72	20	4	16	23,994	2024-08-07 9:16	2024-08-07 9:24	EUR
2024-08-07	RXU24	1	매수	134.7	매도	134.72	20	4	16	23,994	2024-08-07 9:16	2024-08-07 9:24	EUR
2024-08-07	RXU24	1	매수	134.7	매도	134.72	20	4	16	23,994	2024-08-07 9:16	2024-08-07 9:24	EUR
2024-08-07	RXU24	1	매수	134.7	매도	134.72	20	4	16	23,994	2024-08-07 9:16	2024-08-07 9:24	EUR
2024-08-07	RXU24	1	매수	134.7	매도	134.72	20	4	16	23,994	2024-08-07 9:16	2024-08-07 9:24	EUR
2024-08-07	RXU24	1	매수	134.7	매도	134.72	20	4	16	23,994	2024-08-07 9:16	2024-08-07 9:24	EUR
2024-08-07	RXU24	1	매수	134.7	매도	134.72	20	4	16	23,994	2024-08-07 9:16	2024-08-07 9:24	EUR
2024-08-07	RXU24	1	매수	134.7	매도	134.72	20	4	16	23,994	2024-08-07 9:16	2024-08-07 9:24	EUR
2024-08-07	RXU24	1	매수	134.7	매도	134.72	20	4	16	23,994	2024-08-07 9:16	2024-08-07 9:24	EUR
2024-08-07	RXU24	1	매수	134.7	매도	134.72	20	4	16	23,994	2024-08-07 9:16	2024-08-07 9:24	EUR
2024-08-07	RXU24	1	매수	134.7	매도	134.72	20	4	16	23,994	2024-08-07 9:16	2024-08-07 9:24	EUR
2024-08-07	RXU24	1	매수	134.7	매도	134.72	20	4	16	23,994	2024-08-07 9:16	2024-08-07 9:24	EUR
2024-08-07	RXU24	1	매수	134.7	매도	134.72	20	4	16	23,994	2024-08-07 9:16	2024-08-07 9:24	EUR
2024-08-07	RXU24	1	매수	134.7	매도	134.72	20	4	16	23,994	2024-08-07 9:16	2024-08-07 9:24	EUR
2024-08-07	RXU24	1	매수	134.7	매도	134.72	20	4	16	23,994	2024-08-07 9:16	2024-08-07 9:24	EUR
2024-08-07	RXU24	1	매수	134.7	매도	134.72	20	4	16	23,994	2024-08-07 9:16	2024-08-07 9:24	EUR
2024-08-07	RXU24	1	매수	134.7	매도	134.72	20	4	16	23,994	2024-08-07 9:16	2024-08-07 9:24	EUR
2024-08-07	RXU24	1	매수	134.7	매도	134.72	20	4	16	23,994	2024-08-07 9:16	2024-08-07 9:24	EUR
2024-08-07	RXU24	1	매수	134.7	매도	134.72	20	4	16	23,994	2024-08-07 9:16	2024-08-07 9:24	EUR
2024-08-07	RXU24	1	매수	134.7	매도	134.72	20	4	16	23,994	2024-08-07 9:16	2024-08-07 9:24	EUR
2024-08-07	RXU24	1	매수	134.7	매도	134.72	20	4	16	23,994	2024-08-07 9:16	2024-08-07 9:24	EUR
2024-08-07	RXU24	1	매수	134.7	매도	134.72	20	4	16	23,994	2024-08-07 9:16	2024-08-07 9:24	EUR
2024-08-07	RXU24	1	매수	134.7	매도	134.72	20	4	16	23,994	2024-08-07 9:16	2024-08-07 9:24	EUR
2024-08-07	RXU24	1	매수	134.7	매도	134.72	20	4	16	23,994	2024-08-07 9:16	2024-08-07 9:24	EUR
2024-08-07	RXU24	1	매수	134.7	매도	134.72	20	4	16	23,994	2024-08-07 9:16	2024-08-07 9:24	EUR
2024-08-07	RXU24	1	매수	134.7	매도	134.72	20	4	16	23,994	2024-08-07 9:16	2024-08-07 9:24	EUR
2024-08-07	RXU24	1	매수	134.7	매도	134.72	20	4	16	23,994	2024-08-07 9:16	2024-08-07 9:24	EUR
2024-08-07	RXU24	1	매수	134.7	매도	134.72	20	4	16	23,994	2024-08-07 9:16	2024-08-07 9:24	EUR
2024-08-07	RXU24	1	매수	134.7	매도	134.72	20	4	16	23,994	2024-08-07 9:16	2024-08-07 9:24	EUR
2024-08-07	RXU24	1	매수	134.7	매도	134.72	20	4	16	23,994	2024-08-07 9:16	2024-08-07 9:24	EUR
2024-08-06	RXU24	31	매도	134.98	매수	134.96	620	124	496	739,372	2024-08-06 23:49	2024-08-06 23:51	EUR
2024-08-06	RXU24	31	매도	135.17	매수	135.15	620	124	496	739,372	2024-08-06 23:39	2024-08-06 23:40	EUR
2024-08-06	RXU24	2	매도	135.2	매수	135.17	60	8	52	77,515	2024-08-06 23:36	2024-08-06 23:37	EUR
2024-08-06	RXU24	21	매도	135.2	매수	135.17	630	84	546	813,906	2024-08-06 23:36	2024-08-06 23:37	EUR
2024-08-06	RXU24	4	매도	135.2	매수	135.17	120	16	104	155,030	2024-08-06 23:36	2024-08-06 23:37	EUR
2024-08-06	RXU24	4	매도	135.2	매수	135.17	120	16	104	155,030	2024-08-06 23:36	2024-08-06 23:37	EUR
2024-08-06	RXU24	28	매도	135.2	매수	135.19	280	112	168	250,432	2024-08-06 23:25	2024-08-06 23:28	EUR
2024-08-06	RXU24	3	매도	135.2	매수	135.19	30	12	18	26,832	2024-08-06 23:25	2024-08-06 23:28	EUR
2024-08-06	RXU24	30	매수	135.53	매도	135.55	600	120	480	715,522	2024-08-06 22:30	2024-08-06 22:31	EUR
2024-08-06	RXU24	30	매수	135.52	매도	135.54	600	120	480	715,522	2024-08-06 22:30	2024-08-06 22:30	EUR
2024-08-06	RXU24	30	매수	135.47	매도	135.5	900	120	780	1,162,723	2024-08-06 22:26	2024-08-06 22:28	EUR
2024-08-06	RXU24	30	매수	135.42	매도	135.43	300	120	180	268,321	2024-08-06 21:47	2024-08-06 21:53	EUR
2024-08-06	RXU24	16	매수	135.39	매도	135.4	160	64	96	143,105	2024-08-06 21:33	2024-08-06 21:34	EUR
2024-08-06	RXU24	1	매수	135.39	매도	135.4	10	4	6	8,944	2024-08-06 21:33	2024-08-06 21:34	EUR
2024-08-06	RXU24	1	매수	135.39	매도	135.4	10	4	6	8,944	2024-08-06 21:33	2024-08-06 21:34	EUR
2024-08-06	RXU24	2	매수	135.39	매도	135.4	20	8	12	17,888	2024-08-06 21:33	2024-08-06 21:34	EUR
2024-08-06	RXU24	1	매수	135.39	매도	135.4	10	4	6	8,944	2024-08-06 21:33	2024-08-06 21:34	EUR
2024-08-06	RXU24	1	매수	135.39	매도	135.4	10	4	6	8,944	2024-08-06 21:33	2024-08-06 21:34	EUR
2024-08-06	RXU24	1	매수	135.39	매도	135.4	10	4	6	8,944	2024-08-06 21:33	2024-08-06 21:34	EUR
2024-08-06	RXU24	1	매수	135.39	매도	135.4	10	4	6	8,944	2024-08-06 21:33	2024-08-06 21:34	EUR
2024-08-06	RXU24	1	매수	135.39	매도	135.4	10	4	6	8,944	2024-08-06 21:33	2024-08-06 21:34	EUR
2024-08-06	RXU24	1	매수	135.39	매도	135.4	10	4	6	8,944	2024-08-06 21:33	2024-08-06 21:34	EUR
2024-08-06	RXU24	1	매수	135.39	매도	135.4	10	4	6	8,944	2024-08-06 21:33	2024-08-06 21:34	EUR
2024-08-06	RXU24	1	매수	135.39	매도	135.4	10	4	6	8,944	2024-08-06 21:33	2024-08-06 21:34	EUR
2024-08-06	RXU24	1	매수	135.39	매도	135.4	10	4	6	8,944	2024-08-06 21:33	2024-08-06 21:34	EUR
2024-08-06	RXU24	1	매수	135.39	매도	135.4	10	4	6	8,944	2024-08-06 21:33	2024-08-06 21:34	EUR
2024-08-06	RXU24	20	매수	135.28	매도	135.29	200	80	120	178,881	2024-08-06 21:21	2024-08-06 21:25	EUR
2024-08-06	RXU24	8	매수	135.28	매도	135.29	80	32	48	71,552	2024-08-06 21:21	2024-08-06 21:25	EUR
2024-08-06	RXU24	1	매수	135.28	매도	135.29	10	4	6	8,944	2024-08-06 21:21	2024-08-06 21:25	EUR
2024-08-06	RXU24	1	매수	135.28	매도	135.29	10	4	6	8,944	2024-08-06 21:21	2024-08-06 21:25	EUR
2024-08-06	RXU24	29	매수	135.2	매도	135.26	1,740.00	116	1,624.00	2,420,848	2024-08-06 21:09	2024-08-06 21:14	EUR
2024-08-06	RXU24	29	매도	135.3	매수	135.28	580	116	464	691,671	2024-08-06 19:15	2024-08-06 19:18	EUR
2024-08-06	RXU24	28	매도	134.67	매수	134.62	1,400.00	112	1,288.00	1,919,983	2024-08-06 16:32	2024-08-06 16:33	EUR
2024-08-06	RXU24	28	매도	134.68	매수	134.68	0	112	-112	-166,955	2024-08-06 16:26	2024-08-06 16:27	EUR
2024-08-06	RXU24	28	매도	134.79	매수	134.78	280	112	168	250,432	2024-08-06 15:46	2024-08-06 15:59	EUR
2024-08-06	RXU24	28	매도	134.81	매수	134.79	560	112	448	667,820	2024-08-06 15:43	2024-08-06 15:43	EUR
2024-08-06	RXU24	14	매수	134.82	매도	134.83	140	56	84	125,216	2024-08-06 15:01	2024-08-06 15:04	EUR
2024-08-06	RXU24	13	매수	134.82	매도	134.83	130	52	78	116,273	2024-08-06 15:01	2024-08-06 15:04	EUR
2024-08-06	RXU24	1	매수	134.82	매도	134.83	10	4	6	8,944	2024-08-06 15:01	2024-08-06 15:02	EUR
2024-08-06	RXU24	28	매수	134.81	매도	134.84	840	112	728	1,085,207	2024-08-06 15:00	2024-08-06 15:01	EUR
2024-08-06	RXU24	28	매수	134.67	매도	134.69	560	112	448	667,820	2024-08-06 14:52	2024-08-06 14:56	EUR
2024-08-06	RXU24	28	매수	134.68	매도	134.68	0	112	-112	-166,955	2024-08-06 14:21	2024-08-06 14:23	EUR
2024-08-06	RXU24	28	매수	134.67	매도	134.68	280	112	168	250,432	2024-08-06 14:17	2024-08-06 14:18	EUR
2024-08-06	RXU24	7	매수	134.57	매도	134.65	560	28	532	793,037	2024-08-06 12:35	2024-08-06 14:14	EUR
2024-08-06	RXU24	20	매수	134.57	매도	134.66	1,800.00	80	1,720.00	2,563,953	2024-08-06 12:35	2024-08-06 14:14	EUR
2024-08-06	RXU24	3	매수	134.59	매도	134.6	30	12	18	26,832	2024-08-06 9:50	2024-08-06 10:35	EUR
2024-08-06	RXU24	1	매수	134.59	매도	134.6	10	4	6	8,944	2024-08-06 9:50	2024-08-06 10:35	EUR
2024-08-06	RXU24	4	매수	134.59	매도	134.6	40	16	24	35,776	2024-08-06 9:50	2024-08-06 10:35	EUR
2024-08-06	RXU24	2	매수	134.59	매도	134.6	20	8	12	17,888	2024-08-06 9:50	2024-08-06 10:35	EUR
2024-08-06	RXU24	12	매수	134.59	매도	134.6	120	48	72	107,328	2024-08-06 9:50	2024-08-06 10:35	EUR
2024-08-06	RXU24	4	매수	134.59	매도	134.6	40	16	24	35,776	2024-08-06 9:50	2024-08-06 10:35	EUR
2024-08-06	RXU24	1	매수	134.59	매도	134.6	10	4	6	8,944	2024-08-06 9:50	2024-08-06 10:35	EUR
2024-08-06	RXU24	13	매수	134.54	매도	134.57	390	52	338	503,847	2024-08-06 9:27	2024-08-06 9:41	EUR
2024-08-06	RXU24	13	매수	134.54	매도	134.57	390	52	338	503,847	2024-08-06 9:27	2024-08-06 9:41	EUR
2024-08-06	RXU24	21	매수	134.56	매도	134.61	1,050.00	84	966	1,439,987	2024-08-06 9:21	2024-08-06 9:23	EUR
2024-08-06	RXU24	2	매수	134.56	매도	134.61	100	8	92	137,142	2024-08-06 9:21	2024-08-06 9:23	EUR
2024-08-06	RXU24	3	매수	134.56	매도	134.61	150	12	138	205,712	2024-08-06 9:21	2024-08-06 9:23	EUR
2024-08-05	RXU24	26	매도	135.12	매수	135.1	520	104	416	622,910	2024-08-06 0:23	2024-08-06 0:23	EUR
2024-08-05	RXU24	25	매도	135.19	매수	135.14	1,250.00	100	1,150.00	1,721,987	2024-08-06 0:18	2024-08-06 0:19	EUR
2024-08-05	RXU24	1	매도	135.18	매수	135.16	20	4	16	23,958	2024-08-06 0:14	2024-08-06 0:17	EUR
2024-08-05	RXU24	2	매도	135.18	매수	135.16	40	8	32	47,916	2024-08-06 0:14	2024-08-06 0:17	EUR
2024-08-05	RXU24	1	매도	135.18	매수	135.16	20	4	16	23,958	2024-08-06 0:14	2024-08-06 0:17	EUR
2024-08-05	RXU24	1	매도	135.18	매수	135.16	20	4	16	23,958	2024-08-06 0:14	2024-08-06 0:17	EUR
2024-08-05	RXU24	1	매도	135.18	매수	135.16	20	4	16	23,958	2024-08-06 0:14	2024-08-06 0:17	EUR
2024-08-05	RXU24	1	매도	135.18	매수	135.16	20	4	16	23,958	2024-08-06 0:14	2024-08-06 0:17	EUR
2024-08-05	RXU24	1	매도	135.18	매수	135.16	20	4	16	23,958	2024-08-06 0:14	2024-08-06 0:17	EUR
2024-08-05	RXU24	1	매도	135.18	매수	135.16	20	4	16	23,958	2024-08-06 0:14	2024-08-06 0:17	EUR
2024-08-05	RXU24	8	매도	135.18	매수	135.16	160	32	128	191,664	2024-08-06 0:14	2024-08-06 0:17	EUR
2024-08-05	RXU24	1	매도	135.18	매수	135.16	20	4	16	23,958	2024-08-06 0:14	2024-08-06 0:17	EUR
2024-08-05	RXU24	1	매도	135.18	매수	135.16	20	4	16	23,958	2024-08-06 0:14	2024-08-06 0:17	EUR
2024-08-05	RXU24	6	매도	135.18	매수	135.16	120	24	96	143,748	2024-08-06 0:13	2024-08-06 0:17	EUR
2024-08-05	RXU24	25	매수	136.17	매도	136.17	0	100	-100	-149,738	2024-08-05 15:36	2024-08-05 21:31	EUR
2024-08-05	RXU24	25	매수	136.19	매도	136.2	250	100	150	224,607	2024-08-05 15:35	2024-08-05 15:35	EUR
2024-08-05	RXU24	25	매수	136.19	매도	136.25	1,500.00	100	1,400.00	2,096,332	2024-08-05 15:28	2024-08-05 15:32	EUR
2024-08-05	RXU24	21	매수	136.15	매도	136.15	0	84	-84	-125,779	2024-08-05 15:25	2024-08-05 15:27	EUR
2024-08-05	RXU24	1	매수	136.15	매도	136.15	0	4	-4	-5,989	2024-08-05 15:25	2024-08-05 15:27	EUR
2024-08-05	RXU24	3	매수	136.15	매도	136.15	0	12	-12	-17,968	2024-08-05 15:25	2024-08-05 15:27	EUR
2024-08-05	RXU24	20	매수	136.12	매도	136.13	200	80	120	179,686	2024-08-05 15:15	2024-08-05 15:25	EUR
2024-08-05	RXU24	5	매수	136.12	매도	136.14	100	20	80	119,791	2024-08-05 15:15	2024-08-05 15:25	EUR
2024-08-05	RXU24	4	매수	136	매도	136.09	360	16	344	515,098	2024-08-05 15:12	2024-08-05 15:12	EUR
2024-08-05	RXU24	2	매수	136	매도	136.09	180	8	172	257,549	2024-08-05 15:12	2024-08-05 15:12	EUR
2024-08-05	RXU24	2	매수	136	매도	136.09	180	8	172	257,549	2024-08-05 15:12	2024-08-05 15:12	EUR
2024-08-05	RXU24	7	매수	136	매도	136.09	630	28	602	901,423	2024-08-05 15:12	2024-08-05 15:12	EUR
2024-08-05	RXU24	4	매수	136	매도	136.09	360	16	344	515,098	2024-08-05 15:12	2024-08-05 15:12	EUR
2024-08-05	RXU24	5	매수	136	매도	136.09	450	20	430	643,874	2024-08-05 15:12	2024-08-05 15:12	EUR
2024-08-05	RXU24	24	매수	136.01	매도	136.02	240	96	144	215,623	2024-08-05 15:08	2024-08-05 15:09	EUR
2024-08-05	RXU24	8	매수	135.92	매도	136.03	880	32	848	1,269,778	2024-08-05 15:00	2024-08-05 15:04	EUR
2024-08-05	RXU24	15	매수	135.91	매도	136.03	1,800.00	60	1,740.00	2,605,442	2024-08-05 15:00	2024-08-05 15:04	EUR
2024-08-05	RXU24	11	매수	135.98	매도	136.02	440	44	396	592,963	2024-08-05 14:54	2024-08-05 14:58	EUR
2024-08-05	RXU24	11	매수	135.98	매도	136.02	440	44	396	592,963	2024-08-05 14:54	2024-08-05 14:58	EUR
2024-08-05	RXU24	2	매수	135.94	매도	136	120	8	112	167,706	2024-08-05 14:53	2024-08-05 14:54	EUR
2024-08-05	RXU24	10	매수	135.94	매도	136	600	40	560	838,533	2024-08-05 14:53	2024-08-05 14:54	EUR
2024-08-05	RXU24	6	매수	135.94	매도	136	360	24	336	503,119	2024-08-05 14:53	2024-08-05 14:54	EUR
2024-08-05	RXU24	1	매수	135.94	매도	136	60	4	56	83,853	2024-08-05 14:53	2024-08-05 14:54	EUR
2024-08-05	RXU24	1	매수	135.94	매도	136	60	4	56	83,853	2024-08-05 14:53	2024-08-05 14:54	EUR
2024-08-05	RXU24	2	매수	135.94	매도	136	120	8	112	167,706	2024-08-05 14:53	2024-08-05 14:54	EUR
2024-08-05	RXU24	1	매수	135.96	매도	135.94	-20	4	-24	-35,936	2024-08-05 14:40	2024-08-05 14:47	EUR
2024-08-05	RXU24	2	매수	135.96	매도	135.94	-40	8	-48	-71,874	2024-08-05 14:40	2024-08-05 14:47	EUR
2024-08-05	RXU24	1	매수	135.96	매도	135.94	-20	4	-24	-35,936	2024-08-05 14:40	2024-08-05 14:47	EUR
2024-08-05	RXU24	5	매수	135.96	매도	135.94	-100	20	-120	-179,685	2024-08-05 14:40	2024-08-05 14:47	EUR
2024-08-05	RXU24	6	매수	135.96	매도	135.94	-120	24	-144	-215,622	2024-08-05 14:40	2024-08-05 14:47	EUR
2024-08-05	RXU24	7	매수	135.96	매도	135.94	-140	28	-168	-251,559	2024-08-05 14:40	2024-08-05 14:47	EUR
2024-08-05	RXU24	1	매수	135.9	매도	135.94	40	4	36	53,906	2024-08-05 14:35	2024-08-05 14:36	EUR
2024-08-05	RXU24	2	매수	135.9	매도	135.94	80	8	72	107,811	2024-08-05 14:35	2024-08-05 14:36	EUR
2024-08-05	RXU24	1	매수	135.9	매도	135.94	40	4	36	53,906	2024-08-05 14:35	2024-08-05 14:36	EUR
2024-08-05	RXU24	1	매수	135.9	매도	135.94	40	4	36	53,906	2024-08-05 14:35	2024-08-05 14:36	EUR
2024-08-05	RXU24	2	매수	135.9	매도	135.94	80	8	72	107,811	2024-08-05 14:35	2024-08-05 14:36	EUR
2024-08-05	RXU24	1	매수	135.9	매도	135.94	40	4	36	53,906	2024-08-05 14:35	2024-08-05 14:36	EUR
2024-08-05	RXU24	1	매수	135.9	매도	135.94	40	4	36	53,906	2024-08-05 14:35	2024-08-05 14:36	EUR
2024-08-05	RXU24	11	매수	135.9	매도	135.94	440	44	396	592,963	2024-08-05 14:35	2024-08-05 14:36	EUR
2024-08-05	RXU24	2	매수	135.9	매도	135.94	80	8	72	107,811	2024-08-05 14:35	2024-08-05 14:36	EUR
2024-08-05	RXU24	11	매수	135.91	매도	135.93	220	44	176	263,539	2024-08-05 14:35	2024-08-05 14:35	EUR
2024-08-05	RXU24	11	매수	135.91	매도	135.93	220	44	176	263,539	2024-08-05 14:35	2024-08-05 14:35	EUR
2024-08-05	RXU24	5	매수	135.72	매도	135.73	50	20	30	44,922	2024-08-05 10:20	2024-08-05 13:46	EUR
2024-08-05	RXU24	1	매수	135.72	매도	135.74	20	4	16	23,958	2024-08-05 10:20	2024-08-05 13:46	EUR
2024-08-05	RXU24	1	매수	135.72	매도	135.74	20	4	16	23,958	2024-08-05 10:20	2024-08-05 13:46	EUR
2024-08-05	RXU24	7	매수	135.72	매도	135.74	140	28	112	167,707	2024-08-05 10:20	2024-08-05 13:46	EUR
2024-08-05	RXU24	1	매수	135.72	매도	135.74	20	4	16	23,958	2024-08-05 10:20	2024-08-05 13:46	EUR
2024-08-05	RXU24	4	매수	135.72	매도	135.74	80	16	64	95,832	2024-08-05 10:20	2024-08-05 13:46	EUR
2024-08-05	RXU24	1	매수	135.72	매도	135.74	20	4	16	23,958	2024-08-05 10:20	2024-08-05 13:46	EUR
2024-08-05	RXU24	1	매수	135.72	매도	135.74	20	4	16	23,958	2024-08-05 10:20	2024-08-05 13:46	EUR
2024-08-05	RXU24	1	매수	135.72	매도	135.73	10	4	6	8,984	2024-08-05 10:15	2024-08-05 10:19	EUR
2024-08-05	RXU24	1	매수	135.72	매도	135.73	10	4	6	8,984	2024-08-05 10:15	2024-08-05 10:19	EUR
2024-08-05	RXU24	2	매수	135.72	매도	135.73	20	8	12	17,968	2024-08-05 10:15	2024-08-05 10:19	EUR
2024-08-05	RXU24	4	매수	135.72	매도	135.73	40	16	24	35,937	2024-08-05 10:15	2024-08-05 10:19	EUR
2024-08-05	RXU24	1	매수	135.72	매도	135.73	10	4	6	8,984	2024-08-05 10:15	2024-08-05 10:19	EUR
2024-08-05	RXU24	1	매수	135.72	매도	135.73	10	4	6	8,984	2024-08-05 10:15	2024-08-05 10:19	EUR
2024-08-05	RXU24	1	매수	135.72	매도	135.73	10	4	6	8,984	2024-08-05 10:15	2024-08-05 10:19	EUR
2024-08-05	RXU24	1	매수	135.72	매도	135.73	10	4	6	8,984	2024-08-05 10:15	2024-08-05 10:19	EUR
2024-08-05	RXU24	1	매수	135.72	매도	135.73	10	4	6	8,984	2024-08-05 10:15	2024-08-05 10:19	EUR
2024-08-05	RXU24	4	매수	135.72	매도	135.73	40	16	24	35,937	2024-08-05 10:15	2024-08-05 10:19	EUR
2024-08-05	RXU24	4	매수	135.72	매도	135.73	40	16	24	35,937	2024-08-05 10:15	2024-08-05 10:19	EUR
2024-08-05	RXU24	10	매수	135.73	매도	135.74	100	40	60	89,843	2024-08-05 10:12	2024-08-05 10:13	EUR
2024-08-05	RXU24	2	매수	135.73	매도	135.74	20	8	12	17,968	2024-08-05 10:12	2024-08-05 10:13	EUR
2024-08-05	RXU24	4	매수	135.73	매도	135.74	40	16	24	35,937	2024-08-05 10:12	2024-08-05 10:13	EUR
2024-08-05	RXU24	5	매수	135.73	매도	135.74	50	20	30	44,922	2024-08-05 10:12	2024-08-05 10:13	EUR
2024-08-05	RXU24	21	매수	135.75	매도	135.76	210	84	126	188,670	2024-08-05 9:26	2024-08-05 10:10	EUR
2024-08-05	RXU24	21	매수	135.8	매도	135.86	1,260.00	84	1,176.00	1,760,919	2024-08-05 9:21	2024-08-05 9:21	EUR
2024-08-05	RXU24	4	매수	135.74	매도	135.8	240	16	224	335,413	2024-08-05 9:18	2024-08-05 9:19	EUR
2024-08-05	RXU24	8	매수	135.74	매도	135.8	480	32	448	670,826	2024-08-05 9:18	2024-08-05 9:19	EUR
2024-08-05	RXU24	2	매수	135.74	매도	135.81	140	8	132	197,654	2024-08-05 9:18	2024-08-05 9:19	EUR
2024-08-05	RXU24	5	매수	135.74	매도	135.81	350	20	330	494,136	2024-08-05 9:18	2024-08-05 9:19	EUR
2024-08-05	RXU24	1	매수	135.74	매도	135.82	80	4	76	113,801	2024-08-05 9:18	2024-08-05 9:19	EUR
2024-08-02	RXU24	19	매수	134.95	매도	135.19	4,560.00	76	4,484.00	6,608,250	2024-08-02 21:30	2024-08-02 22:02	EUR
2024-08-02	RXU24	12	매수	134.82	매도	134.83	120	48	72	106,109	2024-08-02 20:43	2024-08-02 21:25	EUR
2024-08-02	RXU24	7	매수	134.82	매도	134.83	70	28	42	61,897	2024-08-02 20:43	2024-08-02 21:25	EUR
2024-08-02	RXU24	19	매수	134.9	매도	134.89	-190	76	-266	-392,014	2024-08-02 19:08	2024-08-02 19:25	EUR
2024-08-02	RXU24	1	매수	134.88	매도	134.9	20	4	16	23,580	2024-08-02 19:05	2024-08-02 19:05	EUR
2024-08-02	RXU24	5	매수	134.88	매도	134.9	100	20	80	117,900	2024-08-02 19:05	2024-08-02 19:05	EUR
2024-08-02	RXU24	1	매수	134.88	매도	134.9	20	4	16	23,580	2024-08-02 19:05	2024-08-02 19:05	EUR
2024-08-02	RXU24	3	매수	134.88	매도	134.9	60	12	48	70,740	2024-08-02 19:05	2024-08-02 19:05	EUR
2024-08-02	RXU24	9	매수	134.88	매도	134.9	180	36	144	212,219	2024-08-02 19:05	2024-08-02 19:05	EUR
2024-08-02	RXU24	19	매수	134.81	매도	134.82	190	76	114	168,006	2024-08-02 16:40	2024-08-02 19:01	EUR
2024-08-02	RXU24	18	매수	134.73	매도	134.75	360	72	288	424,437	2024-08-02 16:06	2024-08-02 16:06	EUR
2024-08-02	RXU24	18	매수	134.74	매도	134.78	720	72	648	954,983	2024-08-02 16:02	2024-08-02 16:05	EUR
2024-08-02	RXU24	18	매수	134.71	매도	134.74	540	72	468	689,710	2024-08-02 15:36	2024-08-02 15:56	EUR
2024-08-02	RXU24	8	매수	134.56	매도	134.58	160	32	128	188,639	2024-08-02 15:24	2024-08-02 15:27	EUR
2024-08-02	RXU24	10	매수	134.56	매도	134.58	200	40	160	235,799	2024-08-02 15:24	2024-08-02 15:27	EUR
2024-08-02	RXU24	10	매수	134.63	매도	134.63	0	40	-40	-58,949	2024-08-02 15:00	2024-08-02 15:04	EUR
2024-08-02	RXU24	8	매수	134.62	매도	134.63	80	32	48	70,740	2024-08-02 15:00	2024-08-02 15:04	EUR
2024-08-01	RXU24	15	매수	134.42	매도	134.43	150	60	90	134,437	2024-08-01 23:34	2024-08-01 23:35	EUR
2024-08-01	RXU24	3	매수	134.42	매도	134.43	30	12	18	26,887	2024-08-01 23:34	2024-08-01 23:35	EUR
2024-08-01	RXU24	17	매수	134.41	매도	134.43	340	68	272	406,300	2024-08-01 23:29	2024-08-01 23:33	EUR
2024-08-01	RXU24	1	매수	134.41	매도	134.43	20	4	16	23,900	2024-08-01 23:29	2024-08-01 23:33	EUR
2024-08-01	RXU24	17	매수	134.31	매도	134.36	850	68	782	1,168,112	2024-08-01 23:20	2024-08-01 23:20	EUR
2024-08-01	RXU24	17	매수	134.17	매도	134.18	170	68	102	152,362	2024-08-01 22:47	2024-08-01 22:48	EUR
2024-08-01	RXU24	1	매수	134.14	매도	134.16	20	4	16	23,900	2024-08-01 22:42	2024-08-01 22:46	EUR
2024-08-01	RXU24	1	매수	134.14	매도	134.16	20	4	16	23,900	2024-08-01 22:42	2024-08-01 22:46	EUR
2024-08-01	RXU24	3	매수	134.14	매도	134.16	60	12	48	71,700	2024-08-01 22:42	2024-08-01 22:46	EUR
2024-08-01	RXU24	12	매수	134.14	매도	134.16	240	48	192	286,800	2024-08-01 22:42	2024-08-01 22:46	EUR
2024-08-01	RXU24	8	매수	134.12	매도	134.14	160	32	128	191,200	2024-08-01 22:38	2024-08-01 22:38	EUR
2024-08-01	RXU24	9	매수	134.12	매도	134.14	180	36	144	215,100	2024-08-01 22:38	2024-08-01 22:38	EUR
2024-08-01	RXU24	12	매수	134.02	매도	134.03	120	48	72	107,550	2024-08-01 22:14	2024-08-01 22:18	EUR
2024-08-01	RXU24	3	매수	134.02	매도	134.03	30	12	18	26,887	2024-08-01 22:14	2024-08-01 22:18	EUR
2024-08-01	RXU24	1	매수	134.02	매도	134.03	10	4	6	8,962	2024-08-01 22:14	2024-08-01 22:18	EUR
2024-08-01	RXU24	1	매수	134.02	매도	134.03	10	4	6	8,962	2024-08-01 22:14	2024-08-01 22:18	EUR
2024-08-01	RXU24	17	매수	134.03	매도	134.05	340	68	272	406,300	2024-08-01 21:35	2024-08-01 21:43	EUR
2024-08-01	RXU24	17	매수	134.01	매도	134.02	170	68	102	152,362	2024-08-01 21:32	2024-08-01 21:34	EUR
2024-08-01	RXU24	17	매도	133.88	매수	133.87	170	68	102	152,362	2024-08-01 17:59	2024-08-01 18:00	EUR
2024-08-01	RXU24	17	매수	134	매도	134.01	170	68	102	152,362	2024-08-01 16:17	2024-08-01 17:11	EUR
2024-08-01	RXU24	1	매수	134.01	매도	134.01	0	4	-4	-5,975	2024-08-01 15:35	2024-08-01 16:16	EUR
2024-08-01	RXU24	13	매수	134.01	매도	134.01	0	52	-52	-77,675	2024-08-01 15:35	2024-08-01 16:16	EUR
2024-08-01	RXU24	3	매수	134.01	매도	134.01	0	12	-12	-17,925	2024-08-01 15:35	2024-08-01 16:16	EUR
2024-08-01	RXU24	2	매수	134.02	매도	134.04	40	8	32	47,800	2024-08-01 15:32	2024-08-01 15:34	EUR
2024-08-01	RXU24	1	매수	134.02	매도	134.04	20	4	16	23,900	2024-08-01 15:32	2024-08-01 15:34	EUR
2024-08-01	RXU24	6	매수	134.02	매도	134.04	120	24	96	143,400	2024-08-01 15:32	2024-08-01 15:34	EUR
2024-08-01	RXU24	4	매수	134.02	매도	134.04	80	16	64	95,600	2024-08-01 15:32	2024-08-01 15:34	EUR
2024-08-01	RXU24	4	매수	134.02	매도	134.04	80	16	64	95,600	2024-08-01 15:32	2024-08-01 15:34	EUR
2024-08-01	RXU24	17	매수	134.04	매도	134.05	170	68	102	152,362	2024-08-01 15:02	2024-08-01 15:32	EUR
2024-08-01	RXU24	7	매도	134	매수	133.98	140	28	112	167,300	2024-08-01 4:52	2024-08-01 9:15	EUR
2024-08-01	RXU24	8	매도	134	매수	133.98	160	32	128	191,200	2024-08-01 4:52	2024-08-01 9:15	EUR
2024-08-01	RXU24	2	매도	134	매수	133.98	40	8	32	47,800	2024-08-01 4:52	2024-08-01 9:15	EUR
2024-07-31	RXU24	17	매수	133.74	매도	133.74	0	68	-68	-101,830	2024-07-31 22:05	2024-07-31 22:43	EUR
2024-07-31	RXU24	17	매수	133.73	매도	133.76	510	68	442	661,900	2024-07-31 17:12	2024-07-31 21:59	EUR
2024-07-31	RXU24	16	매수	133.68	매도	133.69	160	64	96	143,761	2024-07-31 16:53	2024-07-31 16:56	EUR
2024-07-31	RXU24	16	매수	133.62	매도	133.63	160	64	96	143,761	2024-07-31 16:48	2024-07-31 16:49	EUR
2024-07-31	RXU24	7	매수	133.61	매도	133.62	70	28	42	62,895	2024-07-31 16:06	2024-07-31 16:38	EUR
2024-07-31	RXU24	7	매수	133.61	매도	133.62	70	28	42	62,895	2024-07-31 16:06	2024-07-31 16:38	EUR
2024-07-31	RXU24	2	매수	133.61	매도	133.62	20	8	12	17,970	2024-07-31 16:06	2024-07-31 16:38	EUR
2024-07-31	RXU24	16	매수	133.56	매도	133.59	480	64	416	622,964	2024-07-31 16:01	2024-07-31 16:02	EUR
2024-07-31	RXU24	9	매수	133.49	매도	133.5	90	36	54	80,865	2024-07-31 15:45	2024-07-31 15:45	EUR
2024-07-31	RXU24	7	매수	133.48	매도	133.5	140	28	112	167,721	2024-07-31 15:45	2024-07-31 15:45	EUR
2024-07-31	RXU24	16	매수	133.53	매도	133.54	160	64	96	143,761	2024-07-31 15:35	2024-07-31 15:36	EUR
2024-07-31	RXU24	4	매수	133.5	매도	133.52	80	16	64	95,840	2024-07-31 15:01	2024-07-31 15:03	EUR
2024-07-31	RXU24	12	매수	133.5	매도	133.52	240	48	192	287,522	2024-07-31 15:01	2024-07-31 15:03	EUR
2024-07-30	RXU24	5	매도	133.34	매수	133.35	-50	20	-70	-104,676	2024-07-30 23:05	2024-07-31 0:35	EUR
2024-07-30	RXU24	5	매도	133.34	매수	133.35	-50	20	-70	-104,676	2024-07-30 23:05	2024-07-31 0:35	EUR
2024-07-30	RXU24	3	매도	133.34	매수	133.35	-30	12	-42	-62,805	2024-07-30 23:05	2024-07-30 23:33	EUR
2024-07-30	RXU24	3	매도	133.34	매수	133.35	-30	12	-42	-62,805	2024-07-30 23:05	2024-07-30 23:33	EUR
2024-07-30	RXU24	4	매수	133.39	매도	133.41	80	16	64	95,705	2024-07-30 22:50	2024-07-30 22:50	EUR
2024-07-30	RXU24	1	매수	133.39	매도	133.41	20	4	16	23,926	2024-07-30 22:50	2024-07-30 22:50	EUR
2024-07-30	RXU24	1	매수	133.39	매도	133.41	20	4	16	23,926	2024-07-30 22:50	2024-07-30 22:50	EUR
2024-07-30	RXU24	1	매수	133.39	매도	133.41	20	4	16	23,926	2024-07-30 22:50	2024-07-30 22:50	EUR
2024-07-30	RXU24	9	매수	133.39	매도	133.41	180	36	144	215,336	2024-07-30 22:50	2024-07-30 22:50	EUR
2024-07-30	RXU24	16	매수	133.35	매도	133.37	320	64	256	382,820	2024-07-30 22:39	2024-07-30 22:43	EUR
2024-07-30	RXU24	2	매수	133.34	매도	133.35	20	8	12	17,944	2024-07-30 22:14	2024-07-30 22:37	EUR
2024-07-30	RXU24	14	매수	133.34	매도	133.35	140	56	84	125,613	2024-07-30 22:14	2024-07-30 22:37	EUR
2024-07-30	RXU24	15	매수	133.28	매도	133.3	300	60	240	358,894	2024-07-30 22:09	2024-07-30 22:10	EUR
2024-07-30	RXU24	1	매수	133.28	매도	133.3	20	4	16	23,926	2024-07-30 22:09	2024-07-30 22:10	EUR
2024-07-30	RXU24	16	매수	133.19	매도	133.2	160	64	96	143,558	2024-07-30 21:10	2024-07-30 21:56	EUR
2024-07-30	RXU24	1	매수	133.15	매도	133.22	70	4	66	98,696	2024-07-30 17:57	2024-07-30 20:59	EUR
2024-07-30	RXU24	5	매수	133.15	매도	133.18	150	20	130	194,401	2024-07-30 17:56	2024-07-30 18:56	EUR
2024-07-30	RXU24	9	매수	133.15	매도	133.18	270	36	234	349,921	2024-07-30 17:56	2024-07-30 18:56	EUR
2024-07-30	RXU24	1	매수	133.15	매도	133.18	30	4	26	38,880	2024-07-30 17:56	2024-07-30 18:56	EUR
2024-07-30	RXU24	5	매도	133.12	매수	133.1	100	20	80	119,632	2024-07-30 17:32	2024-07-30 17:32	EUR
2024-07-30	RXU24	10	매도	133.12	매수	133.1	200	40	160	239,263	2024-07-30 17:32	2024-07-30 17:32	EUR
2024-07-30	RXU24	10	매도	132.53	매수	133.27	-7,400.00	40	-7,440.00	-11,125,701	2024-07-26 22:04	2024-07-30 17:05	EUR
2024-07-30	RXU24	5	매도	132.53	매수	133.21	-3,400.00	20	-3,420.00	-5,114,233	2024-07-26 22:04	2024-07-30 15:24	EUR
2024-07-26	RXU24	2	매수	132.49	매도	132.5	20	8	12	18,036	2024-07-26 22:02	2024-07-26 22:04	EUR
2024-07-26	RXU24	1	매수	132.49	매도	132.5	10	4	6	9,018	2024-07-26 22:02	2024-07-26 22:04	EUR
2024-07-26	RXU24	1	매수	132.49	매도	132.5	10	4	6	9,018	2024-07-26 22:02	2024-07-26 22:03	EUR
2024-07-26	RXU24	5	매수	132.49	매도	132.5	50	20	30	45,088	2024-07-26 22:02	2024-07-26 22:03	EUR
2024-07-26	RXU24	1	매수	132.49	매도	132.5	10	4	6	9,018	2024-07-26 22:02	2024-07-26 22:03	EUR
2024-07-26	RXU24	4	매수	132.49	매도	132.5	40	16	24	36,071	2024-07-26 22:02	2024-07-26 22:03	EUR
2024-07-26	RXU24	1	매수	132.44	매도	132.45	10	4	6	9,018	2024-07-26 21:51	2024-07-26 21:55	EUR
2024-07-26	RXU24	7	매수	132.44	매도	132.45	70	28	42	63,124	2024-07-26 21:51	2024-07-26 21:55	EUR
2024-07-26	RXU24	6	매수	132.44	매도	132.45	60	24	36	54,107	2024-07-26 21:51	2024-07-26 21:55	EUR
2024-07-26	RXU24	14	매수	132.44	매도	132.45	140	56	84	126,248	2024-07-26 21:41	2024-07-26 21:50	EUR
2024-07-26	RXU24	14	매수	132.39	매도	132.4	140	56	84	126,248	2024-07-26 21:37	2024-07-26 21:39	EUR
2024-07-26	RXU24	10	매수	132.24	매도	132.25	100	40	60	90,177	2024-07-26 21:11	2024-07-26 21:14	EUR
2024-07-26	RXU24	4	매수	132.24	매도	132.25	40	16	24	36,071	2024-07-26 21:11	2024-07-26 21:14	EUR
2024-07-26	RXU24	8	매수	132.38	매도	132.42	320	32	288	432,850	2024-07-26 19:00	2024-07-26 19:03	EUR
2024-07-26	RXU24	6	매수	132.38	매도	132.42	240	24	216	324,638	2024-07-26 19:00	2024-07-26 19:03	EUR
2024-07-26	RXU24	14	매수	132.39	매도	132.41	280	56	224	336,661	2024-07-26 18:31	2024-07-26 18:42	EUR
2024-07-26	RXU24	11	매도	131.73	매수	132.29	-6,160.00	44	-6,204.00	-9,324,301	2024-07-23 16:14	2024-07-26 18:04	EUR
2024-07-23	RXU24	11	매도	131.73	매수	131.72	110	44	66	99,808	2024-07-23 16:13	2024-07-23 16:13	EUR
2024-07-23	RXU24	2	매도	131.74	매수	131.72	40	8	32	48,392	2024-07-23 16:08	2024-07-23 16:10	EUR
2024-07-23	RXU24	2	매도	131.74	매수	131.72	40	8	32	48,392	2024-07-23 16:08	2024-07-23 16:10	EUR
2024-07-23	RXU24	7	매도	131.74	매수	131.72	140	28	112	169,372	2024-07-23 16:08	2024-07-23 16:10	EUR
2024-07-23	RXU24	11	매도	131.75	매수	131.73	220	44	176	266,156	2024-07-23 15:53	2024-07-23 16:04	EUR
2024-07-23	RXU24	11	매도	131.77	매수	131.75	220	44	176	266,156	2024-07-23 15:49	2024-07-23 15:50	EUR
2024-07-23	RXU24	11	매도	131.76	매수	131.76	0	44	-44	-66,539	2024-07-23 15:41	2024-07-23 15:46	EUR
2024-07-23	RXU24	1	매도	131.76	매수	131.74	20	4	16	24,196	2024-07-23 15:35	2024-07-23 15:39	EUR
2024-07-23	RXU24	4	매도	131.76	매수	131.74	80	16	64	96,784	2024-07-23 15:35	2024-07-23 15:39	EUR
2024-07-23	RXU24	4	매도	131.76	매수	131.74	80	16	64	96,784	2024-07-23 15:35	2024-07-23 15:39	EUR
2024-07-23	RXU24	2	매도	131.76	매수	131.74	40	8	32	48,392	2024-07-23 15:35	2024-07-23 15:39	EUR
2024-07-23	RXU24	4	매도	131.76	매수	131.75	40	16	24	36,294	2024-07-23 15:31	2024-07-23 15:33	EUR
2024-07-23	RXU24	7	매도	131.76	매수	131.75	70	28	42	63,514	2024-07-23 15:31	2024-07-23 15:33	EUR
2024-07-23	RXU24	11	매도	131.75	매수	131.74	110	44	66	99,808	2024-07-23 15:25	2024-07-23 15:29	EUR
2024-07-23	RXU24	11	매도	131.76	매수	131.74	220	44	176	266,156	2024-07-23 15:19	2024-07-23 15:25	EUR
2024-07-22	RXU24	11	매도	131.74	매수	131.72	220	44	176	265,982	2024-07-23 1:05	2024-07-23 1:06	EUR
2024-07-22	RXU24	1	매도	131.74	매수	131.73	10	4	6	9,067	2024-07-23 0:56	2024-07-23 1:00	EUR
2024-07-22	RXU24	4	매도	131.74	매수	131.73	40	16	24	36,270	2024-07-23 0:56	2024-07-23 1:00	EUR
2024-07-22	RXU24	6	매도	131.74	매수	131.73	60	24	36	54,405	2024-07-23 0:56	2024-07-23 1:00	EUR
2024-07-22	RXU24	3	매도	131.75	매수	131.73	60	12	48	72,540	2024-07-23 0:52	2024-07-23 0:55	EUR
2024-07-22	RXU24	8	매도	131.75	매수	131.73	160	32	128	193,441	2024-07-23 0:52	2024-07-23 0:55	EUR
2024-07-22	RXU24	4	매도	131.78	매수	131.76	80	16	64	96,720	2024-07-23 0:37	2024-07-23 0:46	EUR
2024-07-22	RXU24	7	매도	131.78	매수	131.76	140	28	112	169,261	2024-07-23 0:37	2024-07-23 0:46	EUR
2024-07-22	RXU24	11	매도	131.89	매수	131.86	330	44	286	432,220	2024-07-23 0:23	2024-07-23 0:27	EUR
2024-07-22	RXU24	10	매도	131.89	매수	131.88	100	40	60	90,676	2024-07-22 18:15	2024-07-23 0:22	EUR
2024-07-22	RXU24	10	매도	132.03	매수	131.98	500	40	460	695,180	2024-07-22 17:13	2024-07-22 17:52	EUR
2024-07-22	RXU24	10	매도	132.05	매수	132.03	200	40	160	241,802	2024-07-22 17:05	2024-07-22 17:13	EUR
2024-07-22	RXU24	10	매도	132.11	매수	132.1	100	40	60	90,676	2024-07-22 16:54	2024-07-22 16:59	EUR
2024-07-22	RXU24	10	매도	132.13	매수	132.11	200	40	160	241,802	2024-07-22 16:46	2024-07-22 16:52	EUR
2024-07-19	RXU24	4	매도	131.97	매수	131.96	40	16	24	36,098	2024-07-19 22:05	2024-07-19 22:09	EUR
2024-07-19	RXU24	1	매도	131.87	매수	131.97	-100	4	-104	-156,425	2024-07-16 4:42	2024-07-19 22:02	EUR
2024-07-19	RXU24	1	매도	131.87	매수	132.1	-230	4	-234	-351,956	2024-07-16 4:45	2024-07-19 21:31	EUR
2024-07-15	RXU24	1	매도	132.01	매수	131.85	160	4	156	233,736	2024-07-16 1:41	2024-07-16 2:16	EUR
2024-07-15	RXU24	1	매도	132.02	매수	131.86	160	4	156	233,736	2024-07-16 1:41	2024-07-16 2:16	EUR
2024-07-15	RXU24	2	매수	131.96	매도	131.98	40	8	32	47,946	2024-07-16 0:09	2024-07-16 0:30	EUR
2024-07-15	RXU24	2	매수	131.92	매도	131.93	20	8	12	17,980	2024-07-15 22:42	2024-07-16 0:03	EUR
2024-07-15	RXU24	2	매수	131.85	매도	131.88	60	8	52	77,912	2024-07-15 22:08	2024-07-15 22:24	EUR
2024-07-15	RXU24	2	매도	131.65	매수	131.64	20	8	12	17,980	2024-07-15 15:43	2024-07-15 20:45	EUR
2024-07-15	RXU24	2	매도	131.73	매수	131.64	180	8	172	257,709	2024-07-13 2:15	2024-07-15 15:33	EUR
2024-07-12	RXU24	2	매도	131.84	매수	131.83	20	8	12	17,997	2024-07-12 23:20	2024-07-12 23:21	EUR
2024-07-12	RXU24	2	매수	131.77	매도	131.8	60	8	52	77,987	2024-07-12 23:00	2024-07-12 23:13	EUR
2024-07-12	RXU24	2	매수	131.73	매도	131.75	40	8	32	47,992	2024-07-12 22:31	2024-07-12 23:00	EUR
2024-07-12	RXU24	2	매수	131.69	매도	131.71	40	8	32	47,992	2024-07-12 22:09	2024-07-12 22:25	EUR
2024-07-12	RXU24	2	매도	131.44	매수	131.65	-420	8	-428	-641,893	2024-07-12 21:32	2024-07-12 21:58	EUR
2024-07-12	RXU24	1	매수	131.69	매도	131.56	-130	4	-134	-200,966	2024-07-12 16:08	2024-07-12 21:30	EUR
2024-07-12	RXU24	1	매수	131.69	매도	131.62	-70	4	-74	-110,981	2024-07-12 16:08	2024-07-12 21:30	EUR
2024-07-12	RXU24	2	매수	131.74	매도	131.76	40	8	32	47,992	2024-07-12 15:58	2024-07-12 16:02	EUR
2024-07-12	RXU24	2	매도	131.7	매수	131.69	20	8	12	17,997	2024-07-12 14:53	2024-07-12 15:11	EUR
2024-07-11	RXU24	2	매수	132.06	매도	132.06	0	8	-8	-12,008	2024-07-12 0:10	2024-07-12 0:14	EUR
2024-07-11	RXU24	2	매수	132.04	매도	132.05	20	8	12	18,012	2024-07-12 0:08	2024-07-12 0:09	EUR
2024-07-11	RXU24	1	매수	132	매도	132.05	50	4	46	69,047	2024-07-12 0:04	2024-07-12 0:04	EUR
2024-07-11	RXU24	1	매수	132	매도	132.05	50	4	46	69,047	2024-07-12 0:04	2024-07-12 0:04	EUR
2024-07-11	RXU24	2	매수	132	매도	132.02	40	8	32	48,032	2024-07-11 23:54	2024-07-12 0:02	EUR
2024-07-11	RXU24	2	매수	131.99	매도	132	20	8	12	18,012	2024-07-11 23:21	2024-07-11 23:49	EUR
2024-07-11	RXU24	1	매수	131.97	매도	131.99	20	4	16	24,016	2024-07-11 23:18	2024-07-11 23:19	EUR
2024-07-11	RXU24	1	매수	131.97	매도	131.99	20	4	16	24,016	2024-07-11 23:18	2024-07-11 23:19	EUR
2024-07-11	RXU24	2	매수	131.95	매도	131.97	40	8	32	48,032	2024-07-11 23:11	2024-07-11 23:17	EUR
2024-07-11	RXU24	2	매수	131.96	매도	131.98	40	8	32	48,032	2024-07-11 21:33	2024-07-11 23:08	EUR
2024-07-11	RXU24	2	매수	131.93	매도	131.95	40	8	32	48,032	2024-07-11 21:31	2024-07-11 21:32	EUR
2024-07-11	RXU24	2	매수	131.28	매도	131.61	660	8	652	978,665	2024-07-11 18:35	2024-07-11 21:30	EUR
2024-07-11	RXU24	2	매도	131.15	매수	131.22	-140	8	-148	-222,150	2024-07-11 15:14	2024-07-11 15:27	EUR
2024-07-10	RXU24	2	매도	131.05	매수	131.35	-600	8	-608	-909,701	2024-07-10 14:11	2024-07-11 0:54	EUR
2024-07-10	RXU24	1	매도	131.05	매수	131.03	20	4	16	23,940	2024-07-10 12:45	2024-07-10 12:56	EUR
2024-07-10	RXU24	1	매도	131.05	매수	131.03	20	4	16	23,940	2024-07-10 12:45	2024-07-10 12:56	EUR
2024-07-09	RXU24	1	매도	130.78	매수	131.01	-230	4	-234	-349,520	2024-07-08 16:05	2024-07-09 19:06	EUR
2024-07-09	RXU24	1	매도	130.78	매수	131.02	-240	4	-244	-364,457	2024-07-08 16:05	2024-07-09 18:00	EUR
2024-07-08	RXU24	2	매도	130.89	매수	130.86	60	8	52	77,624	2024-07-08 15:47	2024-07-08 15:56	EUR
2024-07-08	RXU24	2	매도	131.1	매수	131.06	80	8	72	107,479	2024-07-08 15:21	2024-07-08 15:22	EUR
2024-07-08	RXU24	2	매도	131.12	매수	131.07	100	8	92	137,335	2024-07-08 15:13	2024-07-08 15:16	EUR
2024-07-08	RXU24	2	매수	131.05	매도	131.08	60	8	52	77,624	2024-07-08 15:10	2024-07-08 15:11	EUR
2024-07-08	RXU24	2	매수	130.91	매도	130.94	60	8	52	77,624	2024-07-08 14:59	2024-07-08 15:00	EUR
2024-07-08	RXU24	1	매도	131.13	매수	130.97	160	4	156	232,872	2024-07-06 4:57	2024-07-08 9:15	EUR
2024-07-05	RXU24	1	매수	131.01	매도	131.02	10	4	6	8,964	2024-07-05 22:35	2024-07-05 23:53	EUR
2024-07-05	RXU24	1	매수	130.93	매도	130.98	50	4	46	68,726	2024-07-05 22:14	2024-07-05 22:22	EUR
2024-07-05	RXU24	1	매수	130.89	매도	130.93	40	4	36	53,785	2024-07-05 22:02	2024-07-05 22:14	EUR
2024-07-05	RXU24	1	매도	130.8	매수	130.76	40	4	36	53,785	2024-07-05 19:35	2024-07-05 21:07	EUR
2024-07-05	RXU24	1	매도	130.78	매수	130.77	10	4	6	8,964	2024-07-05 19:09	2024-07-05 19:33	EUR
2024-07-05	RXU24	1	매수	130.75	매도	130.77	20	4	16	23,904	2024-07-05 16:04	2024-07-05 19:08	EUR
2024-07-05	RXU24	1	매수	130.69	매도	130.72	30	4	26	38,845	2024-07-05 15:48	2024-07-05 15:55	EUR
2024-07-05	RXU24	1	매도	130.65	매수	130.65	0	4	-4	-5,976	2024-07-05 14:52	2024-07-05 15:36	EUR
2024-07-05	RXU24	1	매도	130.63	매수	130.61	20	4	16	23,904	2024-07-05 12:21	2024-07-05 14:35	EUR
2024-07-04	RXU24	1	매도	130.6	매수	130.57	30	4	26	38,974	2024-07-04 18:12	2024-07-04 18:49	EUR
2024-07-04	RXU24	1	매도	130.66	매수	130.63	30	4	26	38,974	2024-07-04 18:06	2024-07-04 18:11	EUR
2024-07-04	RXU24	1	매도	130.72	매수	130.69	30	4	26	38,974	2024-07-04 17:57	2024-07-04 18:00	EUR
2024-07-04	RXU24	1	매수	130.76	매도	130.76	0	4	-4	-5,996	2024-07-04 15:15	2024-07-04 17:04	EUR
2024-07-04	RXU24	1	매수	130.76	매도	130.78	20	4	16	23,984	2024-07-04 15:11	2024-07-04 15:12	EUR
2024-07-04	RXU24	1	매수	130.76	매도	130.78	20	4	16	23,984	2024-07-04 15:04	2024-07-04 15:06	EUR
2024-07-03	RXU24	1	매도	130.89	매수	130.88	10	4	6	8,947	2024-07-03 23:13	2024-07-04 1:48	EUR
2024-07-03	RXU24	1	매도	130.88	매수	130.85	30	4	26	38,769	2024-07-03 23:05	2024-07-03 23:11	EUR
2024-07-03	RXU24	1	매도	130.6	매수	130.6	0	4	-4	-5,964	2024-07-03 22:08	2024-07-03 22:30	EUR
2024-07-03	RXU24	1	매도	130.57	매수	130.55	20	4	16	23,858	2024-07-03 21:56	2024-07-03 22:05	EUR
2024-07-03	RXU24	1	매수	130.49	매도	130.52	30	4	26	38,769	2024-07-03 19:02	2024-07-03 21:33	EUR
2024-07-03	RXU24	1	매수	130.49	매도	130.52	30	4	26	38,769	2024-07-03 19:00	2024-07-03 19:02	EUR
2024-07-03	RXU24	1	매도	130.28	매수	130.25	30	4	26	38,769	2024-07-03 18:35	2024-07-03 18:37	EUR
2024-07-03	RXU24	1	매도	130.36	매수	130.34	20	4	16	23,858	2024-07-03 17:16	2024-07-03 18:16	EUR
2024-07-03	RXU24	1	매수	130.48	매도	130.51	30	4	26	38,769	2024-07-03 16:04	2024-07-03 16:40	EUR
2024-07-03	RXU24	1	매도	130.51	매수	130.51	0	4	-4	-5,964	2024-07-03 9:15	2024-07-03 12:48	EUR
2024-07-02	RXU24	1	매도	130.53	매수	130.47	60	4	56	83,023	2024-07-02 23:17	2024-07-02 23:43	EUR
2024-07-02	RXU24	1	매도	130.63	매수	130.58	50	4	46	68,198	2024-07-02 23:01	2024-07-02 23:09	EUR
2024-07-02	RXU24	1	매수	130.68	매도	130.69	10	4	6	8,895	2024-07-02 22:19	2024-07-02 22:37	EUR
2024-07-02	RXU24	1	매수	130.56	매도	130.57	10	4	6	8,895	2024-07-02 22:03	2024-07-02 22:09	EUR
2024-07-02	RXU24	1	매도	130.36	매수	130.35	10	4	6	8,895	2024-07-02 18:00	2024-07-02 19:26	EUR
2024-07-02	RXU24	1	매도	130.55	매수	130.46	90	4	86	127,500	2024-07-02 16:58	2024-07-02 17:59	EUR
2024-07-02	RXU24	1	매도	130.64	매수	130.63	10	4	6	8,895	2024-07-02 16:41	2024-07-02 16:45	EUR
2024-07-02	RXU24	1	매수	130.58	매도	130.59	10	4	6	8,895	2024-07-02 16:04	2024-07-02 16:28	EUR
2024-07-02	RXU24	1	매도	130.57	매수	130.48	90	4	86	127,500	2024-07-02 14:35	2024-07-02 15:04	EUR
2024-07-02	RXU24	1	매도	130.58	매수	130.56	20	4	16	23,721	2024-07-02 13:20	2024-07-02 13:36	EUR
2024-07-01	RXU24	1	매도	130.7	매수	130.65	50	4	46	68,280	2024-07-01 17:47	2024-07-01 18:18	EUR
2024-07-01	RXU24	1	매도	130.83	매수	130.7	130	4	126	187,028	2024-07-01 17:12	2024-07-01 17:22	EUR
2024-07-01	RXU24	1	매도	130.87	매수	130.84	30	4	26	38,593	2024-07-01 17:04	2024-07-01 17:09	EUR
2024-07-01	RXU24	1	매도	130.9	매수	130.87	30	4	26	38,593	2024-07-01 16:59	2024-07-01 17:02	EUR
2024-07-01	RXU24	1	매수	131.12	매도	131.15	30	4	26	38,593	2024-07-01 15:50	2024-07-01 15:50	EUR
2024-07-01	RXU24	1	매수	131.12	매도	131.15	30	4	26	38,593	2024-07-01 15:33	2024-07-01 15:33	EUR
2024-07-01	RXU24	1	매수	131.12	매도	131.15	30	4	26	38,593	2024-07-01 14:59	2024-07-01 15:00	EUR